"0",""
"0","ViewsPerDay <- ViewsPerDay %>% "
"0","  arrange(desc(DayName)) %>%"
"0","  mutate(prop = DayViews / sum(ViewsPerDay$DayViews) *100) %>%"
"0","  mutate(ypos = cumsum(DayViews)- 0.5*DayViews )"
"0",""
"0","ggplot(ViewsPerDay, aes(x="""", y=DayViews, fill=DayName)) +"
"0","  geom_bar(stat=""identity"", width=1, color=""white"") +"
"0","  coord_polar(""y"", start=0) +"
"0","  theme_void() +"
"0","  theme(legend.position=""none"") +"
"0","  geom_text(aes(y = ypos, label = DayName), color = ""black"", size=6) +"
"0","  scale_fill_brewer(palette=""Set1"")"
"0",""
