<?xml version="1.0" encoding="UTF-8"?>
<!-- Autor: David Nápravník -->
<archLinux xmlns:xsi="http://www.w3.org/2001/XMLSchema-instance" xsi:noNamespaceSchemaLocation="data.xsd">
    <package id="vim">
        <properities version="8" preinstalled="no" lastUpdated="2018-02-26">
            <size space="3"/>
        </properities>
        <description>
            <p>nejakej super mega hustej popis</p>
        </description>
        <name>vim</name>
        <dependence>
            <dependencies>
                <package idref="acl">
                    <name>acl</name>
                </package>
            </dependencies>
            <requiredBy>
                <package idref="archboot">
                    <name>archboot</name>
                </package>
            </requiredBy>
        </dependence>
    </package>
    <package id="acl">
        <properities version="2" preinstalled="yes" lastUpdated="2016-01-25">
            <size space="30"/>
        </properities>
        <name>acl</name>
        <dependence>
            <dependencies/>
            <requiredBy>
                <package idref="vim">
                    <name>vim</name>
                </package>
            </requiredBy>
        </dependence>
    </package>
    <package id="archboot">
        <properities version="2" preinstalled="yes" lastUpdated="2017-11-25">
            <size space="300"/>
        </properities>
        <name>archboot</name>
        <dependence>
            <dependencies>
                <package idref="vim">
                    <name><?php echo "vim"; ?></name>
                </package>
            </dependencies>
            <requiredBy/>
        </dependence>
    </package>
</archLinux>