"0","DayName <- c(""Po"", ""Út"", ""St"", ""Čt"", ""Pá"", ""So"", ""Ne"")"
"0","  "
"0","DayViews <- c("
"0","sum(dailyDataset[which(dailyDataset[,3] == 1),2]),"
"0","sum(dailyDataset[which(dailyDataset[,3] == 2),2]),"
"0","sum(dailyDataset[which(dailyDataset[,3] == 3),2]),"
"0","sum(dailyDataset[which(dailyDataset[,3] == 4),2]),"
"0","sum(dailyDataset[which(dailyDataset[,3] == 5),2]),"
"0","sum(dailyDataset[which(dailyDataset[,3] == 6),2]),"
"0","sum(dailyDataset[which(dailyDataset[,3] == 7),2]))"
"0",""
"0","ViewsPerDay <- data.frame(DayName, DayViews)"
"0",""
