{"chunk_definitions":[{"row":18,"row_count":1,"visible":true,"expansion_state":0,"options":{"engine":"R","echo":false,"message":false,"label":"unnamed-chunk-322"},"document_id":"D740B4A7","chunk_id":"cjfrhdh3lxxxa","chunk_label":"unnamed-chunk-1"},{"row":43,"row_count":1,"visible":true,"expansion_state":0,"options":{"engine":"R","echo":false,"message":false,"label":"unnamed-chunk-323"},"document_id":"D740B4A7","chunk_id":"csk1zaa896f7a","chunk_label":"unnamed-chunk-2"},{"row":59,"row_count":1,"visible":true,"expansion_state":0,"options":{"engine":"R","echo":false,"message":false,"label":"unnamed-chunk-324"},"document_id":"D740B4A7","chunk_id":"ct3faa07kdyjn","chunk_label":"unnamed-chunk-3"},{"row":92,"row_count":1,"visible":true,"expansion_state":0,"options":{"engine":"R","echo":false,"message":false,"label":"unnamed-chunk-325"},"document_id":"D740B4A7","chunk_id":"c7mk015rivxev","chunk_label":"unnamed-chunk-4"},{"row":111,"row_count":1,"visible":true,"expansion_state":0,"options":{"engine":"R","echo":false,"message":false,"label":"unnamed-chunk-326"},"document_id":"D740B4A7","chunk_id":"c73my6ymlpd50","chunk_label":"unnamed-chunk-5"},{"row":127,"row_count":1,"visible":true,"expansion_state":0,"options":{"engine":"R","echo":false,"message":false,"label":"unnamed-chunk-327"},"document_id":"D740B4A7","chunk_id":"cclpp49szzbwh","chunk_label":"unnamed-chunk-6"},{"row":142,"row_count":1,"visible":true,"expansion_state":0,"options":{"engine":"R","echo":false,"message":false,"label":"unnamed-chunk-328"},"document_id":"D740B4A7","chunk_id":"c67kjakz6y02v","chunk_label":"unnamed-chunk-7"},{"row":163,"row_count":1,"visible":true,"expansion_state":0,"options":{"engine":"R","echo":false,"message":false,"label":"unnamed-chunk-329"},"document_id":"D740B4A7","chunk_id":"czofo7hx4eqgy","chunk_label":"unnamed-chunk-8"},{"row":178,"row_count":1,"visible":true,"expansion_state":0,"options":{"engine":"R","echo":false,"message":false,"label":"unnamed-chunk-330"},"document_id":"D740B4A7","chunk_id":"c1e2ubzgs67pb","chunk_label":"unnamed-chunk-9"}],"doc_write_time":1612718326,"chunk_rendered_width":700}