"0","Hour <- seq(0, 23)"
"0","  "
"0","HourViews <- c("
"0","sum(hourlyDataset[which(hourlyDataset[,1] %% 24 == 00),2])/nrow(dailyDataset),"
"0","sum(hourlyDataset[which(hourlyDataset[,1] %% 24 == 01),2])/nrow(dailyDataset),"
"0","sum(hourlyDataset[which(hourlyDataset[,1] %% 24 == 02),2])/nrow(dailyDataset),"
"0","sum(hourlyDataset[which(hourlyDataset[,1] %% 24 == 03),2])/nrow(dailyDataset),"
"0","sum(hourlyDataset[which(hourlyDataset[,1] %% 24 == 04),2])/nrow(dailyDataset),"
"0","sum(hourlyDataset[which(hourlyDataset[,1] %% 24 == 05),2])/nrow(dailyDataset),"
"0","sum(hourlyDataset[which(hourlyDataset[,1] %% 24 == 06),2])/nrow(dailyDataset),"
"0","sum(hourlyDataset[which(hourlyDataset[,1] %% 24 == 07),2])/nrow(dailyDataset),"
"0","sum(hourlyDataset[which(hourlyDataset[,1] %% 24 == 08),2])/nrow(dailyDataset),"
"0","sum(hourlyDataset[which(hourlyDataset[,1] %% 24 == 09),2])/nrow(dailyDataset),"
"0","sum(hourlyDataset[which(hourlyDataset[,1] %% 24 == 10),2])/nrow(dailyDataset),"
"0","sum(hourlyDataset[which(hourlyDataset[,1] %% 24 == 11),2])/nrow(dailyDataset),"
"0","sum(hourlyDataset[which(hourlyDataset[,1] %% 24 == 12),2])/nrow(dailyDataset),"
"0","sum(hourlyDataset[which(hourlyDataset[,1] %% 24 == 13),2])/nrow(dailyDataset),"
"0","sum(hourlyDataset[which(hourlyDataset[,1] %% 24 == 14),2])/nrow(dailyDataset),"
"0","sum(hourlyDataset[which(hourlyDataset[,1] %% 24 == 15),2])/nrow(dailyDataset),"
"0","sum(hourlyDataset[which(hourlyDataset[,1] %% 24 == 16),2])/nrow(dailyDataset),"
"0","sum(hourlyDataset[which(hourlyDataset[,1] %% 24 == 17),2])/nrow(dailyDataset),"
"0","sum(hourlyDataset[which(hourlyDataset[,1] %% 24 == 18),2])/nrow(dailyDataset),"
"0","sum(hourlyDataset[which(hourlyDataset[,1] %% 24 == 19),2])/nrow(dailyDataset),"
"0","sum(hourlyDataset[which(hourlyDataset[,1] %% 24 == 20),2])/nrow(dailyDataset),"
"0","sum(hourlyDataset[which(hourlyDataset[,1] %% 24 == 21),2])/nrow(dailyDataset),"
"0","sum(hourlyDataset[which(hourlyDataset[,1] %% 24 == 22),2])/nrow(dailyDataset),"
"0","sum(hourlyDataset[which(hourlyDataset[,1] %% 24 == 23),2])/nrow(dailyDataset))"
"0",""
"0","ViewsPerHour <- data.frame(Hour, HourViews)"
"0",""
